{"cameraMode":{"drawMode":0,"name":"Shaded","section":"Shading Mode"},"sceneLighting":false,"audioPlay":false,"sceneViewState":{"m_AlwaysRefresh":false,"showFog":true,"showSkybox":false,"showFlares":true,"showImageEffects":true,"showParticleSystems":true,"showVisualEffectGraphs":true,"m_FxEnabled":true},"in2DMode":false,"pivot":{"x":0.23582792282104493,"y":0.6988146305084229,"z":0.6093376874923706},"rotation":{"x":0.13489413261413575,"y":0.7564986348152161,"z":-0.16505137085914613,"w":0.6182886958122253},"size":1.4344139099121094,"orthographic":false}