{"cameraMode":{"drawMode":0,"name":"Shaded","section":"Shading Mode"},"sceneLighting":false,"audioPlay":false,"sceneViewState":{"m_AlwaysRefresh":false,"showFog":true,"showSkybox":false,"showFlares":true,"showImageEffects":true,"showParticleSystems":true,"showVisualEffectGraphs":true,"m_FxEnabled":true},"in2DMode":false,"pivot":{"x":0.37753593921661379,"y":1.421366572380066,"z":1.1689555644989014},"rotation":{"x":0.021113252267241479,"y":0.9755640625953674,"z":-0.18995851278305055,"w":0.10844091325998306},"size":0.8660253882408142,"orthographic":false}