{"cameraMode":{"drawMode":0,"name":"Shaded","section":"Shading Mode"},"sceneLighting":false,"audioPlay":false,"sceneViewState":{"m_AlwaysRefresh":false,"showFog":true,"showSkybox":false,"showFlares":true,"showImageEffects":true,"showParticleSystems":true,"showVisualEffectGraphs":true,"m_FxEnabled":true},"in2DMode":false,"pivot":{"x":-1.781233310699463,"y":1.33147394657135,"z":0.07054488360881806},"rotation":{"x":0.004349646158516407,"y":0.7236546277999878,"z":-0.004557890351861715,"w":0.6901447176933289},"size":1.7514240741729737,"orthographic":false}