{"cameraMode":{"drawMode":0,"name":"Shaded","section":"Shading Mode"},"sceneLighting":false,"audioPlay":false,"sceneViewState":{"m_AlwaysRefresh":false,"showFog":true,"showSkybox":false,"showFlares":true,"showImageEffects":true,"showParticleSystems":true,"showVisualEffectGraphs":true,"m_FxEnabled":true},"in2DMode":false,"pivot":{"x":0.2662777900695801,"y":1.634238600730896,"z":2.7443222999572756},"rotation":{"x":-0.0019552940502762796,"y":0.9959685206413269,"z":-0.08686845004558563,"w":-0.02241331711411476},"size":0.8660253882408142,"orthographic":false}