{"cameraMode":{"drawMode":0,"name":"Shaded","section":"Shading Mode"},"sceneLighting":false,"audioPlay":false,"sceneViewState":{"m_AlwaysRefresh":false,"showFog":true,"showSkybox":false,"showFlares":true,"showImageEffects":true,"showParticleSystems":true,"showVisualEffectGraphs":true,"m_FxEnabled":true},"in2DMode":false,"pivot":{"x":0.3923012614250183,"y":-0.030278921127319337,"z":1.3233575820922852},"rotation":{"x":-0.1456265151500702,"y":0.7961613535881043,"z":-0.21163390576839448,"w":-0.5478432774543762},"size":0.3865884840488434,"orthographic":false}