{"cameraMode":{"drawMode":0,"name":"Shaded","section":"Shading Mode"},"sceneLighting":false,"audioPlay":false,"sceneViewState":{"m_AlwaysRefresh":false,"showFog":true,"showSkybox":false,"showFlares":true,"showImageEffects":true,"showParticleSystems":true,"showVisualEffectGraphs":true,"m_FxEnabled":true},"in2DMode":false,"pivot":{"x":-2.5576624870300295,"y":4.471958637237549,"z":-1.0194401741027833},"rotation":{"x":0.06848574429750443,"y":-0.06878036260604859,"z":0.00471468735486269,"w":0.9953060746192932},"size":3.559135913848877,"orthographic":false}