{"cameraMode":{"drawMode":0,"name":"Shaded","section":"Shading Mode"},"sceneLighting":false,"audioPlay":false,"sceneViewState":{"m_AlwaysRefresh":false,"showFog":true,"showSkybox":false,"showFlares":true,"showImageEffects":true,"showParticleSystems":true,"showVisualEffectGraphs":true,"m_FxEnabled":true},"in2DMode":false,"pivot":{"x":0.11434268951416016,"y":0.06801047176122666,"z":0.14492516219615937},"rotation":{"x":0.000030663741199532524,"y":-0.9943113923072815,"z":0.00029796629678457975,"w":0.10659389942884445},"size":0.12266242504119873,"orthographic":false}