{"cameraMode":{"drawMode":0,"name":"Shaded","section":"Shading Mode"},"sceneLighting":false,"audioPlay":false,"sceneViewState":{"m_AlwaysRefresh":false,"showFog":true,"showSkybox":false,"showFlares":true,"showImageEffects":true,"showParticleSystems":true,"showVisualEffectGraphs":true,"m_FxEnabled":true},"in2DMode":false,"pivot":{"x":-0.0042476654052734379,"y":1.0158830881118775,"z":0.0394173264503479},"rotation":{"x":-0.3779362440109253,"y":0.07210387289524079,"z":-0.029537998139858247,"w":-0.9225507378578186},"size":1.5713034868240357,"orthographic":false}