{"cameraMode":{"drawMode":0,"name":"Shaded","section":"Shading Mode"},"sceneLighting":false,"audioPlay":false,"sceneViewState":{"m_AlwaysRefresh":false,"showFog":true,"showSkybox":false,"showFlares":true,"showImageEffects":true,"showParticleSystems":true,"showVisualEffectGraphs":true,"m_FxEnabled":true},"in2DMode":false,"pivot":{"x":0.043364644050598147,"y":0.5105549693107605,"z":-0.06804776191711426},"rotation":{"x":-0.11258144676685333,"y":0.7961863875389099,"z":-0.15626907348632813,"w":-0.5735859274864197},"size":1.0330368280410767,"orthographic":false}