{"cameraMode":{"drawMode":0,"name":"Shaded","section":"Shading Mode"},"sceneLighting":false,"audioPlay":false,"sceneViewState":{"m_AlwaysRefresh":false,"showFog":true,"showSkybox":false,"showFlares":true,"showImageEffects":true,"showParticleSystems":true,"showVisualEffectGraphs":true,"m_FxEnabled":true},"in2DMode":false,"pivot":{"x":0.45343130826950076,"y":1.5414448976516724,"z":10.959096908569336},"rotation":{"x":0.03968563675880432,"y":-0.958172082901001,"z":0.230221226811409,"w":0.16532057523727418},"size":0.8660253882408142,"orthographic":false}