{"cameraMode":{"drawMode":0,"name":"Shaded","section":"Shading Mode"},"sceneLighting":false,"audioPlay":false,"sceneViewState":{"m_AlwaysRefresh":false,"showFog":true,"showSkybox":false,"showFlares":true,"showImageEffects":true,"showParticleSystems":true,"showVisualEffectGraphs":true,"m_FxEnabled":true},"in2DMode":false,"pivot":{"x":0.038927435874938968,"y":0.5046232342720032,"z":-4.023313522338867e-7},"rotation":{"x":-0.2173525094985962,"y":0.6479817628860474,"z":-0.20066337287425996,"w":-0.7018682956695557},"size":0.6377386450767517,"orthographic":false}