{"cameraMode":{"drawMode":0,"name":"Shaded","section":"Shading Mode"},"sceneLighting":false,"audioPlay":false,"sceneViewState":{"m_AlwaysRefresh":false,"showFog":true,"showSkybox":false,"showFlares":true,"showImageEffects":true,"showParticleSystems":true,"showVisualEffectGraphs":true,"m_FxEnabled":true},"in2DMode":false,"pivot":{"x":10.26840877532959,"y":1.5625046491622925,"z":-2.3402931690216066},"rotation":{"x":-0.07646480202674866,"y":0.8278729915618897,"z":-0.11650305241346359,"w":-0.5433396100997925},"size":0.05566852167248726,"orthographic":false}