{"cameraMode":{"drawMode":0,"name":"Shaded","section":"Shading Mode"},"sceneLighting":false,"audioPlay":false,"sceneViewState":{"m_AlwaysRefresh":false,"showFog":true,"showSkybox":false,"showFlares":true,"showImageEffects":true,"showParticleSystems":true,"showVisualEffectGraphs":true,"m_FxEnabled":true},"in2DMode":false,"pivot":{"x":0.09972846508026123,"y":0.8706222772598267,"z":-0.049428701400756839},"rotation":{"x":-0.04772624000906944,"y":0.9312332272529602,"z":-0.1321810781955719,"w":-0.3362378180027008},"size":1.4963605403900147,"orthographic":false}