{"cameraMode":{"drawMode":0,"name":"Shaded","section":"Shading Mode"},"sceneLighting":false,"audioPlay":false,"sceneViewState":{"m_AlwaysRefresh":false,"showFog":true,"showSkybox":false,"showFlares":true,"showImageEffects":true,"showParticleSystems":true,"showVisualEffectGraphs":true,"m_FxEnabled":true},"in2DMode":false,"pivot":{"x":0.01064932532608509,"y":0.2849055826663971,"z":-0.006726503372192383},"rotation":{"x":-0.0009078868315555155,"y":0.9979830384254456,"z":-0.061763714998960498,"w":-0.014670408330857754},"size":0.3066920042037964,"orthographic":false}