{"cameraMode":{"drawMode":0,"name":"Shaded","section":"Shading Mode"},"sceneLighting":false,"audioPlay":false,"sceneViewState":{"m_AlwaysRefresh":false,"showFog":true,"showSkybox":false,"showFlares":true,"showImageEffects":true,"showParticleSystems":true,"showVisualEffectGraphs":true,"m_FxEnabled":true},"in2DMode":false,"pivot":{"x":-0.5899896621704102,"y":0.7740139365196228,"z":1.0510584115982056},"rotation":{"x":0.09412767738103867,"y":0.8008023500442505,"z":-0.1306135356426239,"w":0.5769219994544983},"size":0.6006332635879517,"orthographic":false}