{"cameraMode":{"drawMode":0,"name":"Shaded","section":"Shading Mode"},"sceneLighting":false,"audioPlay":false,"sceneViewState":{"m_AlwaysRefresh":false,"showFog":true,"showSkybox":false,"showFlares":true,"showImageEffects":true,"showParticleSystems":true,"showVisualEffectGraphs":true,"m_FxEnabled":true},"in2DMode":false,"pivot":{"x":0.12387382984161377,"y":0.04225534200668335,"z":0.16228699684143067},"rotation":{"x":0.10490221530199051,"y":-0.8850514888763428,"z":0.24208927154541017,"w":0.38351234793663027},"size":0.8660253882408142,"orthographic":false}