{"cameraMode":{"drawMode":0,"name":"Shaded","section":"Shading Mode"},"sceneLighting":false,"audioPlay":false,"sceneViewState":{"m_AlwaysRefresh":false,"showFog":true,"showSkybox":false,"showFlares":true,"showImageEffects":true,"showParticleSystems":true,"showVisualEffectGraphs":true,"m_FxEnabled":true},"in2DMode":false,"pivot":{"x":0.0000054836273193359378,"y":0.15343046188354493,"z":-0.000005245208740234375},"rotation":{"x":-0.12870368361473084,"y":-0.45897984504699709,"z":0.06739871203899384,"w":-0.8764919638633728},"size":2.7712812423706056,"orthographic":false}