{"cameraMode":{"drawMode":0,"name":"Shaded","section":"Shading Mode"},"sceneLighting":false,"audioPlay":false,"sceneViewState":{"m_AlwaysRefresh":false,"showFog":true,"showSkybox":false,"showFlares":true,"showImageEffects":true,"showParticleSystems":true,"showVisualEffectGraphs":true,"m_FxEnabled":true},"in2DMode":false,"pivot":{"x":-1.6025440692901612,"y":0.5900747776031494,"z":2.799999475479126},"rotation":{"x":0.06129361316561699,"y":-0.47180527448654177,"z":0.03287987783551216,"w":0.8789823651313782},"size":0.8660253882408142,"orthographic":false}