{"cameraMode":{"drawMode":0,"name":"Shaded","section":"Shading Mode"},"sceneLighting":false,"audioPlay":false,"sceneViewState":{"m_AlwaysRefresh":false,"showFog":true,"showSkybox":false,"showFlares":true,"showImageEffects":true,"showParticleSystems":true,"showVisualEffectGraphs":true,"m_FxEnabled":true},"in2DMode":false,"pivot":{"x":0.03892746567726135,"y":0.5046232342720032,"z":-0.017637521028518678},"rotation":{"x":0.1106308102607727,"y":-0.790733277797699,"z":0.15002457797527314,"w":0.5830987691879273},"size":0.6460217237472534,"orthographic":false}