{"cameraMode":{"drawMode":0,"name":"Shaded","section":"Shading Mode"},"sceneLighting":false,"audioPlay":false,"sceneViewState":{"m_AlwaysRefresh":false,"showFog":true,"showSkybox":false,"showFlares":true,"showImageEffects":true,"showParticleSystems":true,"showVisualEffectGraphs":true,"m_FxEnabled":true},"in2DMode":false,"pivot":{"x":-0.40587735176086428,"y":0.4817085266113281,"z":-0.27692854404449465},"rotation":{"x":0.1250540316104889,"y":-0.5648804903030396,"z":0.08711212128400803,"w":0.8109853267669678},"size":1.2469979524612427,"orthographic":false}