{"cameraMode":{"drawMode":0,"name":"Shaded","section":"Shading Mode"},"sceneLighting":false,"audioPlay":false,"sceneViewState":{"m_AlwaysRefresh":false,"showFog":true,"showSkybox":false,"showFlares":true,"showImageEffects":true,"showParticleSystems":true,"showVisualEffectGraphs":true,"m_FxEnabled":false},"in2DMode":false,"pivot":{"x":0.020469024777412416,"y":0.8098817467689514,"z":0.5198361873626709},"rotation":{"x":-0.04611910879611969,"y":0.9472212791442871,"z":-0.2744296193122864,"w":-0.1591862440109253},"size":0.14452654123306275,"orthographic":false}