{"cameraMode":{"drawMode":0,"name":"Shaded","section":"Shading Mode"},"sceneLighting":false,"audioPlay":false,"sceneViewState":{"m_AlwaysRefresh":false,"showFog":true,"showSkybox":false,"showFlares":true,"showImageEffects":true,"showParticleSystems":true,"showVisualEffectGraphs":true,"m_FxEnabled":true},"in2DMode":false,"pivot":{"x":0.7972230315208435,"y":0.4764750003814697,"z":1.3517502546310425},"rotation":{"x":0.09581569582223892,"y":-0.6895596385002136,"z":0.09281546622514725,"w":0.7118403315544128},"size":0.8660253882408142,"orthographic":false}