{"cameraMode":{"drawMode":0,"name":"Shaded","section":"Shading Mode"},"sceneLighting":false,"audioPlay":false,"sceneViewState":{"m_AlwaysRefresh":false,"showFog":true,"showSkybox":false,"showFlares":true,"showImageEffects":true,"showParticleSystems":true,"showVisualEffectGraphs":true,"m_FxEnabled":true},"in2DMode":false,"pivot":{"x":0.1994243860244751,"y":0.9846329092979431,"z":1.4959992170333863},"rotation":{"x":-0.006756720133125782,"y":0.9786638617515564,"z":-0.20278041064739228,"w":-0.03259812667965889},"size":0.002092151902616024,"orthographic":false}