{"cameraMode":{"drawMode":0,"name":"Shaded","section":"Shading Mode"},"sceneLighting":false,"audioPlay":false,"sceneViewState":{"m_AlwaysRefresh":false,"showFog":true,"showSkybox":false,"showFlares":true,"showImageEffects":true,"showParticleSystems":true,"showVisualEffectGraphs":true,"m_FxEnabled":true},"in2DMode":false,"pivot":{"x":-0.04603596031665802,"y":-0.23049242794513703,"z":-0.09979470074176789},"rotation":{"x":-0.23022975027561189,"y":-0.03998212143778801,"z":0.00947562325745821,"w":-0.9722864627838135},"size":0.7233589887619019,"orthographic":false}