{"cameraMode":{"drawMode":0,"name":"Shaded","section":"Shading Mode"},"sceneLighting":false,"audioPlay":false,"sceneViewState":{"m_AlwaysRefresh":false,"showFog":true,"showSkybox":false,"showFlares":true,"showImageEffects":true,"showParticleSystems":true,"showVisualEffectGraphs":true,"m_FxEnabled":true},"in2DMode":false,"pivot":{"x":0.03449183702468872,"y":1.4956316947937012,"z":0.5391076803207398},"rotation":{"x":-0.042843692004680637,"y":0.957152247428894,"z":-0.20100979506969453,"w":-0.20400995016098023},"size":2.5106592178344728,"orthographic":false}