{"cameraMode":{"drawMode":0,"name":"Shaded","section":"Shading Mode"},"sceneLighting":false,"audioPlay":false,"sceneViewState":{"m_AlwaysRefresh":false,"showFog":true,"showSkybox":false,"showFlares":true,"showImageEffects":true,"showParticleSystems":true,"showVisualEffectGraphs":true,"m_FxEnabled":true},"in2DMode":false,"pivot":{"x":-0.11424889415502548,"y":0.25536850094795229,"z":0.3596201539039612},"rotation":{"x":0.03139512613415718,"y":-0.9680315256118774,"z":0.15820755064487458,"w":0.19209930300712586},"size":0.56928551197052,"orthographic":false}