{"cameraMode":{"drawMode":0,"name":"Shaded","section":"Shading Mode"},"sceneLighting":false,"audioPlay":false,"sceneViewState":{"m_AlwaysRefresh":false,"showFog":true,"showSkybox":false,"showFlares":true,"showImageEffects":true,"showParticleSystems":true,"showVisualEffectGraphs":true,"m_FxEnabled":true},"in2DMode":false,"pivot":{"x":-0.0006696172058582306,"y":0.019834663718938829,"z":0.007029131054878235},"rotation":{"x":0.012996732257306576,"y":-0.9869927763938904,"z":0.11630791425704956,"w":0.11030417680740357},"size":0.12266234308481217,"orthographic":false}