{"cameraMode":{"drawMode":0,"name":"Shaded","section":"Shading Mode"},"sceneLighting":false,"audioPlay":false,"sceneViewState":{"m_AlwaysRefresh":false,"showFog":true,"showSkybox":false,"showFlares":true,"showImageEffects":true,"showParticleSystems":true,"showVisualEffectGraphs":true,"m_FxEnabled":true},"in2DMode":false,"pivot":{"x":-0.49596279859542849,"y":-0.43342411518096926,"z":-1.3210463523864747},"rotation":{"x":-0.030217476189136506,"y":0.9697586894035339,"z":-0.1677737832069397,"w":-0.17466288805007935},"size":0.8660253882408142,"orthographic":false}