{"cameraMode":{"drawMode":0,"name":"Shaded","section":"Shading Mode"},"sceneLighting":false,"audioPlay":false,"sceneViewState":{"m_AlwaysRefresh":false,"showFog":true,"showSkybox":false,"showFlares":true,"showImageEffects":true,"showParticleSystems":true,"showVisualEffectGraphs":true,"m_FxEnabled":true},"in2DMode":false,"pivot":{"x":-1.7567501068115235,"y":0.783684492111206,"z":-0.2388448268175125},"rotation":{"x":-0.029226064682006837,"y":0.9688698053359985,"z":-0.20285482704639436,"w":-0.1392846703529358},"size":0.17302143573760987,"orthographic":false}