{"cameraMode":{"drawMode":0,"name":"Shaded","section":"Shading Mode"},"sceneLighting":false,"audioPlay":false,"sceneViewState":{"m_AlwaysRefresh":false,"showFog":true,"showSkybox":false,"showFlares":true,"showImageEffects":true,"showParticleSystems":true,"showVisualEffectGraphs":true,"m_FxEnabled":true},"in2DMode":false,"pivot":{"x":0.25147950649261477,"y":0.4631410539150238,"z":-0.1393662691116333},"rotation":{"x":-0.00937076285481453,"y":0.9874006509780884,"z":-0.06408301740884781,"w":-0.1443859040737152},"size":0.8660253882408142,"orthographic":false}